"ei_stream","mean_r2"
1,0.0767339092402178
3,0.0475734892951998
NA,NA
